operation,phase,sample,nanoseconds,current_thread_allocated_bytes,result_count
testNavigationSnapshotMeasurements,fixture-build,0,1016080292,-1,49
testNavigationSnapshotMeasurements,first-query,0,69661333,4022760,1
testNavigationSnapshotMeasurements,warm-query,1,4375250,49128,1
testNavigationSnapshotMeasurements,warm-query,2,3961625,48384,1
testNavigationSnapshotMeasurements,warm-query,3,2214500,52192,1
testNavigationSnapshotMeasurements,warm-query,4,1615166,48384,1
testNavigationSnapshotMeasurements,warm-query,5,2114500,48384,1
testNavigationSnapshotMeasurements,dependency-edit-first,0,2387833,77928,1
testNavigationSnapshotMeasurements,dependency-edit-warm,1,1502875,50608,1
testNavigationSnapshotMeasurements,dependency-edit-warm,2,909209,48640,1
testNavigationSnapshotMeasurements,dependency-edit-warm,3,820083,48640,1
testNavigationSnapshotMeasurements,dependency-edit-warm,4,1487542,48640,1
testNavigationSnapshotMeasurements,dependency-edit-warm,5,1138541,48640,1
testNavigationSnapshotMeasurements,unrelated-edit-first,0,2515625,48640,1
testNavigationSnapshotMeasurements,unrelated-edit-warm,1,788625,48640,1
testNavigationSnapshotMeasurements,unrelated-edit-warm,2,570875,48640,1
testNavigationSnapshotMeasurements,unrelated-edit-warm,3,535541,48640,1
testNavigationSnapshotMeasurements,unrelated-edit-warm,4,520167,48640,1
testNavigationSnapshotMeasurements,unrelated-edit-warm,5,2509709,48640,1
testNavigationSnapshotMeasurements,pre-canceled-request,0,2310000,-1,0
testFindUsagesMeasurements,fixture-build,0,554406500,-1,49
testFindUsagesMeasurements,first-query,0,980136125,60860256,192
testFindUsagesMeasurements,warm-query,1,229179042,28726576,192
testFindUsagesMeasurements,warm-query,2,170220250,26541944,192
testFindUsagesMeasurements,warm-query,3,100548333,27086392,192
testFindUsagesMeasurements,warm-query,4,198271042,29615928,192
testFindUsagesMeasurements,warm-query,5,134580125,27346256,192
testFindUsagesMeasurements,dependency-edit-first,0,259612917,39544240,192
testFindUsagesMeasurements,dependency-edit-warm,1,144510041,25930864,192
testFindUsagesMeasurements,dependency-edit-warm,2,164476541,26523920,192
testFindUsagesMeasurements,dependency-edit-warm,3,172940541,26079512,192
testFindUsagesMeasurements,dependency-edit-warm,4,198621916,26758288,192
testFindUsagesMeasurements,dependency-edit-warm,5,114008042,26131672,192
testFindUsagesMeasurements,unrelated-edit-first,0,144731458,39050704,192
testFindUsagesMeasurements,unrelated-edit-warm,1,110402625,26026176,192
testFindUsagesMeasurements,unrelated-edit-warm,2,118357291,24609712,192
testFindUsagesMeasurements,unrelated-edit-warm,3,141691417,25335040,192
testFindUsagesMeasurements,unrelated-edit-warm,4,105080625,27346024,192
testFindUsagesMeasurements,unrelated-edit-warm,5,90428375,27901632,192
testFindUsagesMeasurements,pre-canceled-request,0,1518917,-1,0
testFindUsagesMeasurements,scan-cancel-after-first-capture,0,261583,-1,0
testStaticDependencyMeasurements,fixture-build,0,454175208,-1,49
testStaticDependencyMeasurements,first-query,0,206456875,19361256,192
testStaticDependencyMeasurements,warm-query,1,26318959,11583856,192
testStaticDependencyMeasurements,warm-query,2,28569834,11583856,192
testStaticDependencyMeasurements,warm-query,3,16676792,11583856,192
testStaticDependencyMeasurements,warm-query,4,25621333,11584816,192
testStaticDependencyMeasurements,warm-query,5,21618750,11583856,192
testStaticDependencyMeasurements,dependency-edit-first,0,33429250,11668216,192
testStaticDependencyMeasurements,dependency-edit-warm,1,31175875,11583248,192
testStaticDependencyMeasurements,dependency-edit-warm,2,49364875,11561096,192
testStaticDependencyMeasurements,dependency-edit-warm,3,73823500,11562008,192
testStaticDependencyMeasurements,dependency-edit-warm,4,37229167,11561816,192
testStaticDependencyMeasurements,dependency-edit-warm,5,32159709,11539448,192
testStaticDependencyMeasurements,unrelated-edit-first,0,22617792,11553080,192
testStaticDependencyMeasurements,unrelated-edit-warm,1,29461791,11486888,192
testStaticDependencyMeasurements,unrelated-edit-warm,2,26389667,11486888,192
testStaticDependencyMeasurements,unrelated-edit-warm,3,20834584,11486888,192
testStaticDependencyMeasurements,unrelated-edit-warm,4,21198208,11486888,192
testStaticDependencyMeasurements,unrelated-edit-warm,5,25163167,11486888,192
testStaticDependencyMeasurements,pre-canceled-request,0,175916,-1,0
testStaticDependencyMeasurements,scan-cancel-after-first-capture,0,133417,-1,0
