operation,phase,sample,nanoseconds,current_thread_allocated_bytes,result_count,graph_loads,importers,unrelated,calls,shadowed,run
testFindUsagesMeasurements,fixture-build,0,1891964958,-1,49,0,24,24,8,false,1
testFindUsagesMeasurements,first-query,0,1095473625,63905568,192,644,24,24,8,false,1
testFindUsagesMeasurements,warm-query,1,216539375,27127688,192,452,24,24,8,false,1
testFindUsagesMeasurements,warm-query,2,218098584,30588440,192,492,24,24,8,false,1
testFindUsagesMeasurements,warm-query,3,189140583,27940456,192,473,24,24,8,false,1
testFindUsagesMeasurements,warm-query,4,191061125,25542224,192,442,24,24,8,false,1
testFindUsagesMeasurements,warm-query,5,78606833,26098840,192,452,24,24,8,false,1
testFindUsagesMeasurements,warm-query,6,149350625,27228520,192,473,24,24,8,false,1
testFindUsagesMeasurements,warm-query,7,140592167,29700784,192,502,24,24,8,false,1
testFindUsagesMeasurements,warm-query,8,137062875,26686840,192,472,24,24,8,false,1
testFindUsagesMeasurements,warm-query,9,130217792,25760728,192,452,24,24,8,false,1
testFindUsagesMeasurements,warm-query,10,103189750,27109496,192,482,24,24,8,false,1
testFindUsagesMeasurements,dependency-edit-first,0,211523541,41283832,192,664,24,24,8,false,1
testFindUsagesMeasurements,dependency-edit-warm,1,72105708,26836088,192,472,24,24,8,false,1
testFindUsagesMeasurements,dependency-edit-warm,2,97139959,24438144,192,443,24,24,8,false,1
testFindUsagesMeasurements,dependency-edit-warm,3,145166541,27947120,192,494,24,24,8,false,1
testFindUsagesMeasurements,dependency-edit-warm,4,129999292,27807040,192,492,24,24,8,false,1
testFindUsagesMeasurements,dependency-edit-warm,5,120056042,25059208,192,453,24,24,8,false,1
testFindUsagesMeasurements,dependency-edit-warm,6,229439250,24955224,192,452,24,24,8,false,1
testFindUsagesMeasurements,dependency-edit-warm,7,93641500,27002160,192,482,24,24,8,false,1
testFindUsagesMeasurements,dependency-edit-warm,8,81241375,26315928,192,472,24,24,8,false,1
testFindUsagesMeasurements,dependency-edit-warm,9,129100167,28310344,192,502,24,24,8,false,1
testFindUsagesMeasurements,dependency-edit-warm,10,109178375,26193768,192,472,24,24,8,false,1
testFindUsagesMeasurements,unrelated-edit-first,0,309523083,40564176,192,684,24,24,8,false,1
testFindUsagesMeasurements,unrelated-edit-warm,1,140603958,29660440,192,512,24,24,8,false,1
testFindUsagesMeasurements,unrelated-edit-warm,2,94556250,26151896,192,472,24,24,8,false,1
testFindUsagesMeasurements,unrelated-edit-warm,3,126501167,27532096,192,492,24,24,8,false,1
testFindUsagesMeasurements,unrelated-edit-warm,4,305186916,28853488,192,512,24,24,8,false,1
testFindUsagesMeasurements,unrelated-edit-warm,5,224789667,27495552,192,492,24,24,8,false,1
testFindUsagesMeasurements,unrelated-edit-warm,6,95213500,24104568,192,442,24,24,8,false,1
testFindUsagesMeasurements,unrelated-edit-warm,7,111584833,24169408,192,443,24,24,8,false,1
testFindUsagesMeasurements,unrelated-edit-warm,8,117440583,24102616,192,442,24,24,8,false,1
testFindUsagesMeasurements,unrelated-edit-warm,9,122898833,28850840,192,512,24,24,8,false,1
testFindUsagesMeasurements,unrelated-edit-warm,10,89796167,26193192,192,473,24,24,8,false,1
testFindUsagesMeasurements,pre-canceled-request,0,1656792,-1,0,0,24,24,8,false,1
testFindUsagesMeasurements,scan-cancel-after-first-capture,0,207792,-1,0,1,24,24,8,false,1
testFindUsagesMeasurements,fixture-build,0,4145696041,-1,273,0,16,256,4,false,1
testFindUsagesMeasurements,first-query,0,616791000,40181952,64,236,16,256,4,false,1
testFindUsagesMeasurements,warm-query,1,70739708,10153224,64,172,16,256,4,false,1
testFindUsagesMeasurements,warm-query,2,162509292,10243360,64,173,16,256,4,false,1
testFindUsagesMeasurements,warm-query,3,98499833,10582992,64,178,16,256,4,false,1
testFindUsagesMeasurements,warm-query,4,62748500,10948488,64,184,16,256,4,false,1
testFindUsagesMeasurements,warm-query,5,47037959,10142080,64,172,16,256,4,false,1
testFindUsagesMeasurements,warm-query,6,31807292,10509792,64,178,16,256,4,false,1
testFindUsagesMeasurements,warm-query,7,47709416,10085048,64,172,16,256,4,false,1
testFindUsagesMeasurements,warm-query,8,65022709,18670968,64,185,16,256,4,false,1
testFindUsagesMeasurements,warm-query,9,45635667,10083976,64,172,16,256,4,false,1
testFindUsagesMeasurements,warm-query,10,41706708,10472304,64,178,16,256,4,false,1
testFindUsagesMeasurements,dependency-edit-first,0,59831000,14687040,64,236,16,256,4,false,1
testFindUsagesMeasurements,dependency-edit-warm,1,32880500,10028128,64,173,16,256,4,false,1
testFindUsagesMeasurements,dependency-edit-warm,2,30270375,9969488,64,172,16,256,4,false,1
testFindUsagesMeasurements,dependency-edit-warm,3,27954166,9574920,64,166,16,256,4,false,1
testFindUsagesMeasurements,dependency-edit-warm,4,47025000,11538048,64,196,16,256,4,false,1
testFindUsagesMeasurements,dependency-edit-warm,5,45903958,9973096,64,172,16,256,4,false,1
testFindUsagesMeasurements,dependency-edit-warm,6,43384250,9577424,64,166,16,256,4,false,1
testFindUsagesMeasurements,dependency-edit-warm,7,88096167,11518472,64,196,16,256,4,false,1
testFindUsagesMeasurements,dependency-edit-warm,8,142831792,10673000,64,184,16,256,4,false,1
testFindUsagesMeasurements,dependency-edit-warm,9,107815167,17610320,64,172,16,256,4,false,1
testFindUsagesMeasurements,dependency-edit-warm,10,33569209,9465728,64,166,16,256,4,false,1
testFindUsagesMeasurements,unrelated-edit-first,0,65425916,14237488,64,242,16,256,4,false,1
testFindUsagesMeasurements,unrelated-edit-warm,1,60191417,9805280,64,172,16,256,4,false,1
testFindUsagesMeasurements,unrelated-edit-warm,2,89675208,17441056,64,172,16,256,4,false,1
testFindUsagesMeasurements,unrelated-edit-warm,3,31072500,9687776,64,172,16,256,4,false,1
testFindUsagesMeasurements,unrelated-edit-warm,4,33031209,9309904,64,166,16,256,4,false,1
testFindUsagesMeasurements,unrelated-edit-warm,5,39997041,10069328,64,178,16,256,4,false,1
testFindUsagesMeasurements,unrelated-edit-warm,6,33742958,9306352,64,166,16,256,4,false,1
testFindUsagesMeasurements,unrelated-edit-warm,7,52886958,10426808,64,184,16,256,4,false,1
testFindUsagesMeasurements,unrelated-edit-warm,8,82316583,18847872,64,196,16,256,4,false,1
testFindUsagesMeasurements,unrelated-edit-warm,9,23641500,9207144,64,166,16,256,4,false,1
testFindUsagesMeasurements,unrelated-edit-warm,10,21499459,9570536,64,172,16,256,4,false,1
testFindUsagesMeasurements,pre-canceled-request,0,4508292,-1,0,0,16,256,4,false,1
testFindUsagesMeasurements,scan-cancel-after-first-capture,0,164500,-1,0,1,16,256,4,false,1
testFindUsagesMeasurements,fixture-build,0,9888441958,-1,1041,0,16,1024,4,false,1
testFindUsagesMeasurements,first-query,0,1519029459,65777632,64,224,16,1024,4,false,1
testFindUsagesMeasurements,warm-query,1,185785500,11758032,64,184,16,1024,4,false,1
testFindUsagesMeasurements,warm-query,2,119422958,11357480,64,178,16,1024,4,false,1
testFindUsagesMeasurements,warm-query,3,166457500,10957928,64,172,16,1024,4,false,1
testFindUsagesMeasurements,warm-query,4,127079625,10567616,64,166,16,1024,4,false,1
testFindUsagesMeasurements,warm-query,5,140972041,30575024,64,167,16,1024,4,false,1
testFindUsagesMeasurements,warm-query,6,235748833,10567240,64,166,16,1024,4,false,1
testFindUsagesMeasurements,warm-query,7,160322041,10543904,64,166,16,1024,4,false,1
testFindUsagesMeasurements,warm-query,8,71771208,12442296,64,196,16,1024,4,false,1
testFindUsagesMeasurements,warm-query,9,94702583,11631232,64,184,16,1024,4,false,1
testFindUsagesMeasurements,warm-query,10,64106291,11197688,64,178,16,1024,4,false,1
testFindUsagesMeasurements,dependency-edit-first,0,158853375,15974960,64,242,16,1024,4,false,1
testFindUsagesMeasurements,dependency-edit-warm,1,77347417,12466832,64,196,16,1024,4,false,1
testFindUsagesMeasurements,dependency-edit-warm,2,59999750,11581408,64,184,16,1024,4,false,1
testFindUsagesMeasurements,dependency-edit-warm,3,129008500,11943280,64,190,16,1024,4,false,1
testFindUsagesMeasurements,dependency-edit-warm,4,348900709,10352264,64,166,16,1024,4,false,1
testFindUsagesMeasurements,dependency-edit-warm,5,58668834,11102904,64,179,16,1024,4,false,1
testFindUsagesMeasurements,dependency-edit-warm,6,63003833,12208232,64,196,16,1024,4,false,1
testFindUsagesMeasurements,dependency-edit-warm,7,63128375,11431432,64,184,16,1024,4,false,1
testFindUsagesMeasurements,dependency-edit-warm,8,163115083,10241216,64,166,16,1024,4,false,1
testFindUsagesMeasurements,dependency-edit-warm,9,77365666,11716288,64,190,16,1024,4,false,1
testFindUsagesMeasurements,dependency-edit-warm,10,58568250,12098288,64,196,16,1024,4,false,1
testFindUsagesMeasurements,unrelated-edit-first,0,185429125,19371408,64,308,16,1024,4,false,1
testFindUsagesMeasurements,unrelated-edit-warm,1,67136792,12755304,64,208,16,1024,4,false,1
testFindUsagesMeasurements,unrelated-edit-warm,2,107953250,10081864,64,166,16,1024,4,false,1
testFindUsagesMeasurements,unrelated-edit-warm,3,54772958,10824648,64,178,16,1024,4,false,1
testFindUsagesMeasurements,unrelated-edit-warm,4,33977000,11588800,64,190,16,1024,4,false,1
testFindUsagesMeasurements,unrelated-edit-warm,5,75667208,13118200,64,214,16,1024,4,false,1
testFindUsagesMeasurements,unrelated-edit-warm,6,83642542,10066440,64,166,16,1024,4,false,1
testFindUsagesMeasurements,unrelated-edit-warm,7,75498458,10880064,64,179,16,1024,4,false,1
testFindUsagesMeasurements,unrelated-edit-warm,8,50319750,11565952,64,190,16,1024,4,false,1
testFindUsagesMeasurements,unrelated-edit-warm,9,62528083,11947424,64,196,16,1024,4,false,1
testFindUsagesMeasurements,unrelated-edit-warm,10,83634959,10801648,64,178,16,1024,4,false,1
testFindUsagesMeasurements,pre-canceled-request,0,3029167,-1,0,0,16,1024,4,false,1
testFindUsagesMeasurements,scan-cancel-after-first-capture,0,598834,-1,0,1,16,1024,4,false,1
testFindUsagesMeasurements,fixture-build,0,10981473583,-1,1041,0,16,1024,4,true,1
testFindUsagesMeasurements,first-query,0,4169001083,301231856,64,2490,16,1024,4,true,1
testFindUsagesMeasurements,warm-query,1,2149012000,227344424,64,2324,16,1024,4,true,1
testFindUsagesMeasurements,warm-query,2,1430442833,258118448,64,2390,16,1024,4,true,1
testFindUsagesMeasurements,warm-query,3,1506248875,248204392,64,2348,16,1024,4,true,1
testFindUsagesMeasurements,warm-query,4,1480663333,243314184,64,2352,16,1024,4,true,1
testFindUsagesMeasurements,warm-query,5,1023745667,245406296,64,2352,16,1024,4,true,1
testFindUsagesMeasurements,warm-query,6,999975416,246788224,64,2335,16,1024,4,true,1
testFindUsagesMeasurements,warm-query,7,997863125,242394912,64,2312,16,1024,4,true,1
testFindUsagesMeasurements,warm-query,8,1121471833,247644792,64,2381,16,1024,4,true,1
testFindUsagesMeasurements,warm-query,9,1005156000,244578352,64,2388,16,1024,4,true,1
testFindUsagesMeasurements,warm-query,10,1022419709,251844232,64,2396,16,1024,4,true,1
testFindUsagesMeasurements,dependency-edit-first,0,1369348833,265730856,64,2454,16,1024,4,true,1
testFindUsagesMeasurements,dependency-edit-warm,1,1009198917,232900440,64,2476,16,1024,4,true,1
testFindUsagesMeasurements,dependency-edit-warm,2,942853125,251519480,64,2426,16,1024,4,true,1
testFindUsagesMeasurements,dependency-edit-warm,3,830706834,257224560,64,2506,16,1024,4,true,1
testFindUsagesMeasurements,dependency-edit-warm,4,852039875,252601864,64,2466,16,1024,4,true,1
testFindUsagesMeasurements,dependency-edit-warm,5,742433416,240697992,64,2350,16,1024,4,true,1
testFindUsagesMeasurements,dependency-edit-warm,6,650140042,247699160,64,2368,16,1024,4,true,1
testFindUsagesMeasurements,dependency-edit-warm,7,762538459,249106896,64,2426,16,1024,4,true,1
testFindUsagesMeasurements,dependency-edit-warm,8,789610041,246711088,64,2388,16,1024,4,true,1
testFindUsagesMeasurements,dependency-edit-warm,9,782001958,238873296,64,2298,16,1024,4,true,1
testFindUsagesMeasurements,dependency-edit-warm,10,566191542,253436808,64,2408,16,1024,4,true,1
testFindUsagesMeasurements,unrelated-edit-first,0,731051375,259723864,64,2396,16,1024,4,true,1
testFindUsagesMeasurements,unrelated-edit-warm,1,751827625,238254128,64,2356,16,1024,4,true,1
testFindUsagesMeasurements,unrelated-edit-warm,2,786219750,244610296,64,2364,16,1024,4,true,1
testFindUsagesMeasurements,unrelated-edit-warm,3,563833958,245005736,64,2360,16,1024,4,true,1
testFindUsagesMeasurements,unrelated-edit-warm,4,759174000,245883856,64,2644,16,1024,4,true,1
testFindUsagesMeasurements,unrelated-edit-warm,5,697629667,243228152,64,2340,16,1024,4,true,1
testFindUsagesMeasurements,unrelated-edit-warm,6,703831375,249201136,64,2462,16,1024,4,true,1
testFindUsagesMeasurements,unrelated-edit-warm,7,698907583,243089520,64,2378,16,1024,4,true,1
testFindUsagesMeasurements,unrelated-edit-warm,8,693231791,220699808,64,2296,16,1024,4,true,1
testFindUsagesMeasurements,unrelated-edit-warm,9,760529791,248071040,64,2448,16,1024,4,true,1
testFindUsagesMeasurements,unrelated-edit-warm,10,801340500,230437376,64,2334,16,1024,4,true,1
testFindUsagesMeasurements,pre-canceled-request,0,6972375,-1,0,0,16,1024,4,true,1
testFindUsagesMeasurements,scan-cancel-after-first-capture,0,351208,-1,0,1,16,1024,4,true,1
testFindUsagesMeasurements,fixture-build,0,3047994792,-1,273,0,16,256,4,false,2
testFindUsagesMeasurements,first-query,0,816959834,39806152,64,230,16,256,4,false,2
testFindUsagesMeasurements,warm-query,1,125313833,10137824,64,172,16,256,4,false,2
testFindUsagesMeasurements,warm-query,2,61371083,10131992,64,172,16,256,4,false,2
testFindUsagesMeasurements,warm-query,3,114694917,10931104,64,184,16,256,4,false,2
testFindUsagesMeasurements,warm-query,4,85774917,10532648,64,178,16,256,4,false,2
testFindUsagesMeasurements,warm-query,5,38760208,10130776,64,172,16,256,4,false,2
testFindUsagesMeasurements,warm-query,6,70614583,10529992,64,178,16,256,4,false,2
testFindUsagesMeasurements,warm-query,7,113916959,9738768,64,166,16,256,4,false,2
testFindUsagesMeasurements,warm-query,8,91306375,13989144,64,166,16,256,4,false,2
testFindUsagesMeasurements,warm-query,9,56772375,11232416,64,190,16,256,4,false,2
testFindUsagesMeasurements,warm-query,10,62361250,11220520,64,190,16,256,4,false,2
testFindUsagesMeasurements,dependency-edit-first,0,63461167,16847568,64,266,16,256,4,false,2
testFindUsagesMeasurements,dependency-edit-warm,1,50093875,11552712,64,196,16,256,4,false,2
testFindUsagesMeasurements,dependency-edit-warm,2,44598625,10756144,64,184,16,256,4,false,2
testFindUsagesMeasurements,dependency-edit-warm,3,53790167,10358544,64,178,16,256,4,false,2
testFindUsagesMeasurements,dependency-edit-warm,4,52127000,9964984,64,172,16,256,4,false,2
testFindUsagesMeasurements,dependency-edit-warm,5,61349500,9966760,64,172,16,256,4,false,2
testFindUsagesMeasurements,dependency-edit-warm,6,52607917,15767032,64,197,16,256,4,false,2
testFindUsagesMeasurements,dependency-edit-warm,7,56165875,10139040,64,178,16,256,4,false,2
testFindUsagesMeasurements,dependency-edit-warm,8,36147833,10865352,64,190,16,256,4,false,2
testFindUsagesMeasurements,dependency-edit-warm,9,37984750,10180480,64,179,16,256,4,false,2
testFindUsagesMeasurements,dependency-edit-warm,10,53441292,11647424,64,203,16,256,4,false,2
testFindUsagesMeasurements,unrelated-edit-first,0,75687125,15204064,64,260,16,256,4,false,2
testFindUsagesMeasurements,unrelated-edit-warm,1,30863458,11212512,64,196,16,256,4,false,2
testFindUsagesMeasurements,unrelated-edit-warm,2,36540375,10446960,64,184,16,256,4,false,2
testFindUsagesMeasurements,unrelated-edit-warm,3,47896875,9684816,64,172,16,256,4,false,2
testFindUsagesMeasurements,unrelated-edit-warm,4,61515833,9671736,64,172,16,256,4,false,2
testFindUsagesMeasurements,unrelated-edit-warm,5,45126708,10417112,64,184,16,256,4,false,2
testFindUsagesMeasurements,unrelated-edit-warm,6,53234208,10028248,64,178,16,256,4,false,2
testFindUsagesMeasurements,unrelated-edit-warm,7,49744833,9241936,64,166,16,256,4,false,2
testFindUsagesMeasurements,unrelated-edit-warm,8,49283292,10724128,64,190,16,256,4,false,2
testFindUsagesMeasurements,unrelated-edit-warm,9,55775250,9958432,64,178,16,256,4,false,2
testFindUsagesMeasurements,unrelated-edit-warm,10,58123750,9911192,64,178,16,256,4,false,2
testFindUsagesMeasurements,pre-canceled-request,0,1105250,-1,0,0,16,256,4,false,2
testFindUsagesMeasurements,scan-cancel-after-first-capture,0,543084,-1,0,1,16,256,4,false,2
testFindUsagesMeasurements,fixture-build,0,6620278917,-1,1041,0,16,1024,4,false,2
testFindUsagesMeasurements,first-query,0,642249417,67764088,64,248,16,1024,4,false,2
testFindUsagesMeasurements,warm-query,1,79320167,11358680,64,178,16,1024,4,false,2
testFindUsagesMeasurements,warm-query,2,55241750,10955568,64,172,16,1024,4,false,2
testFindUsagesMeasurements,warm-query,3,46107792,10558480,64,166,16,1024,4,false,2
testFindUsagesMeasurements,warm-query,4,45780500,10954336,64,172,16,1024,4,false,2
testFindUsagesMeasurements,warm-query,5,52455792,11749144,64,184,16,1024,4,false,2
testFindUsagesMeasurements,warm-query,6,58940375,11412296,64,179,16,1024,4,false,2
testFindUsagesMeasurements,warm-query,7,86924583,10896752,64,172,16,1024,4,false,2
testFindUsagesMeasurements,warm-query,8,48821667,10500736,64,166,16,1024,4,false,2
testFindUsagesMeasurements,warm-query,9,48674375,10500688,64,166,16,1024,4,false,2
testFindUsagesMeasurements,warm-query,10,53909542,10497728,64,166,16,1024,4,false,2
testFindUsagesMeasurements,dependency-edit-first,0,158116334,16032216,64,242,16,1024,4,false,2
testFindUsagesMeasurements,dependency-edit-warm,1,70887083,10473496,64,166,16,1024,4,false,2
testFindUsagesMeasurements,dependency-edit-warm,2,107644834,10895072,64,173,16,1024,4,false,2
testFindUsagesMeasurements,dependency-edit-warm,3,53455917,10755800,64,172,16,1024,4,false,2
testFindUsagesMeasurements,dependency-edit-warm,4,43371708,10752424,64,172,16,1024,4,false,2
testFindUsagesMeasurements,dependency-edit-warm,5,40428375,10265456,64,166,16,1024,4,false,2
testFindUsagesMeasurements,dependency-edit-warm,6,43279000,10254784,64,166,16,1024,4,false,2
testFindUsagesMeasurements,dependency-edit-warm,7,39122417,10570376,64,172,16,1024,4,false,2
testFindUsagesMeasurements,dependency-edit-warm,8,45916916,10570856,64,172,16,1024,4,false,2
testFindUsagesMeasurements,dependency-edit-warm,9,46036042,11339976,64,184,16,1024,4,false,2
testFindUsagesMeasurements,dependency-edit-warm,10,62813708,10954432,64,178,16,1024,4,false,2
testFindUsagesMeasurements,unrelated-edit-first,0,60839667,14918160,64,242,16,1024,4,false,2
testFindUsagesMeasurements,unrelated-edit-warm,1,43426875,10541872,64,172,16,1024,4,false,2
testFindUsagesMeasurements,unrelated-edit-warm,2,30951458,10533432,64,172,16,1024,4,false,2
testFindUsagesMeasurements,unrelated-edit-warm,3,52296583,10536488,64,172,16,1024,4,false,2
testFindUsagesMeasurements,unrelated-edit-warm,4,30361584,10147328,64,166,16,1024,4,false,2
testFindUsagesMeasurements,unrelated-edit-warm,5,25792875,10147520,64,166,16,1024,4,false,2
testFindUsagesMeasurements,unrelated-edit-warm,6,26354125,10100168,64,166,16,1024,4,false,2
testFindUsagesMeasurements,unrelated-edit-warm,7,32876333,10097360,64,166,16,1024,4,false,2
testFindUsagesMeasurements,unrelated-edit-warm,8,27491667,10097224,64,166,16,1024,4,false,2
testFindUsagesMeasurements,unrelated-edit-warm,9,35982583,10512512,64,172,16,1024,4,false,2
testFindUsagesMeasurements,unrelated-edit-warm,10,53063334,19154224,64,172,16,1024,4,false,2
testFindUsagesMeasurements,pre-canceled-request,0,1664333,-1,0,0,16,1024,4,false,2
testFindUsagesMeasurements,scan-cancel-after-first-capture,0,178958,-1,0,1,16,1024,4,false,2
testFindUsagesMeasurements,fixture-build,0,7874367917,-1,1041,0,16,1024,4,true,2
testFindUsagesMeasurements,first-query,0,3128861167,298898872,64,2456,16,1024,4,true,2
testFindUsagesMeasurements,warm-query,1,1353228583,274673168,64,2382,16,1024,4,true,2
testFindUsagesMeasurements,warm-query,2,1071016250,277000472,64,2466,16,1024,4,true,2
testFindUsagesMeasurements,warm-query,3,1041203333,266866816,64,2364,16,1024,4,true,2
testFindUsagesMeasurements,warm-query,4,844751000,267093296,64,2410,16,1024,4,true,2
testFindUsagesMeasurements,warm-query,5,1022100291,260352968,64,2334,16,1024,4,true,2
testFindUsagesMeasurements,warm-query,6,832455000,266507344,64,2338,16,1024,4,true,2
testFindUsagesMeasurements,warm-query,7,897846167,268693608,64,2366,16,1024,4,true,2
testFindUsagesMeasurements,warm-query,8,820238666,271595640,64,2406,16,1024,4,true,2
testFindUsagesMeasurements,warm-query,9,763684000,269065032,64,2364,16,1024,4,true,2
testFindUsagesMeasurements,warm-query,10,616300250,274483744,64,2408,16,1024,4,true,2
testFindUsagesMeasurements,dependency-edit-first,0,1045224667,288562960,64,2442,16,1024,4,true,2
testFindUsagesMeasurements,dependency-edit-warm,1,759321125,267610048,64,2376,16,1024,4,true,2
testFindUsagesMeasurements,dependency-edit-warm,2,758771500,268677592,64,2384,16,1024,4,true,2
testFindUsagesMeasurements,dependency-edit-warm,3,673147417,263629088,64,2354,16,1024,4,true,2
testFindUsagesMeasurements,dependency-edit-warm,4,602335917,267552856,64,2370,16,1024,4,true,2
testFindUsagesMeasurements,dependency-edit-warm,5,546792917,268523784,64,2382,16,1024,4,true,2
testFindUsagesMeasurements,dependency-edit-warm,6,745439625,267118776,64,2380,16,1024,4,true,2
testFindUsagesMeasurements,dependency-edit-warm,7,621114041,270495840,64,2390,16,1024,4,true,2
testFindUsagesMeasurements,dependency-edit-warm,8,528636000,272368616,64,2368,16,1024,4,true,2
testFindUsagesMeasurements,dependency-edit-warm,9,749165125,267122552,64,2400,16,1024,4,true,2
testFindUsagesMeasurements,dependency-edit-warm,10,578971292,265650280,64,2364,16,1024,4,true,2
testFindUsagesMeasurements,unrelated-edit-first,0,643551250,284963400,64,2434,16,1024,4,true,2
testFindUsagesMeasurements,unrelated-edit-warm,1,487540708,264968248,64,2356,16,1024,4,true,2
testFindUsagesMeasurements,unrelated-edit-warm,2,726716083,265832440,64,2368,16,1024,4,true,2
testFindUsagesMeasurements,unrelated-edit-warm,3,526751166,268318176,64,2380,16,1024,4,true,2
testFindUsagesMeasurements,unrelated-edit-warm,4,586130667,270366336,64,2382,16,1024,4,true,2
testFindUsagesMeasurements,unrelated-edit-warm,5,457838416,270492064,64,2388,16,1024,4,true,2
testFindUsagesMeasurements,unrelated-edit-warm,6,462759084,267575992,64,2384,16,1024,4,true,2
testFindUsagesMeasurements,unrelated-edit-warm,7,514958750,269311616,64,2380,16,1024,4,true,2
testFindUsagesMeasurements,unrelated-edit-warm,8,507596291,273948512,64,2392,16,1024,4,true,2
testFindUsagesMeasurements,unrelated-edit-warm,9,474230250,273038008,64,2414,16,1024,4,true,2
testFindUsagesMeasurements,unrelated-edit-warm,10,640283375,262056136,64,2342,16,1024,4,true,2
testFindUsagesMeasurements,pre-canceled-request,0,2539083,-1,0,0,16,1024,4,true,2
testFindUsagesMeasurements,scan-cancel-after-first-capture,0,253584,-1,0,1,16,1024,4,true,2
testFindUsagesMeasurements,fixture-build,0,1139796500,-1,49,0,24,24,8,false,2
testFindUsagesMeasurements,first-query,0,1103751708,65267456,192,654,24,24,8,false,2
testFindUsagesMeasurements,warm-query,1,217432833,27219824,192,452,24,24,8,false,2
testFindUsagesMeasurements,warm-query,2,266007208,27225216,192,452,24,24,8,false,2
testFindUsagesMeasurements,warm-query,3,259453084,27597816,192,462,24,24,8,false,2
testFindUsagesMeasurements,warm-query,4,190760583,25818408,192,442,24,24,8,false,2
testFindUsagesMeasurements,warm-query,5,125197500,27995208,192,472,24,24,8,false,2
testFindUsagesMeasurements,warm-query,6,170891292,30205296,192,502,24,24,8,false,2
testFindUsagesMeasurements,warm-query,7,361517792,28125776,192,474,24,24,8,false,2
testFindUsagesMeasurements,warm-query,8,174190166,27751384,192,472,24,24,8,false,2
testFindUsagesMeasurements,warm-query,9,166501375,27428472,192,473,24,24,8,false,2
testFindUsagesMeasurements,warm-query,10,121542167,25656160,192,442,24,24,8,false,2
testFindUsagesMeasurements,dependency-edit-first,0,403769958,45104600,192,684,24,24,8,false,2
testFindUsagesMeasurements,dependency-edit-warm,1,158048583,26707416,192,462,24,24,8,false,2
testFindUsagesMeasurements,dependency-edit-warm,2,124406458,28275120,192,492,24,24,8,false,2
testFindUsagesMeasurements,dependency-edit-warm,3,85740416,26846240,192,473,24,24,8,false,2
testFindUsagesMeasurements,dependency-edit-warm,4,103895083,26776992,192,472,24,24,8,false,2
testFindUsagesMeasurements,dependency-edit-warm,5,99270750,26780592,192,472,24,24,8,false,2
testFindUsagesMeasurements,dependency-edit-warm,6,186263834,30320968,192,523,24,24,8,false,2
testFindUsagesMeasurements,dependency-edit-warm,7,106657375,24667136,192,442,24,24,8,false,2
testFindUsagesMeasurements,dependency-edit-warm,8,367838208,28134648,192,492,24,24,8,false,2
testFindUsagesMeasurements,dependency-edit-warm,9,174949375,28072704,192,492,24,24,8,false,2
testFindUsagesMeasurements,dependency-edit-warm,10,120915125,26623664,192,472,24,24,8,false,2
testFindUsagesMeasurements,unrelated-edit-first,0,217403292,42709376,192,704,24,24,8,false,2
testFindUsagesMeasurements,unrelated-edit-warm,1,107046500,28592672,192,502,24,24,8,false,2
testFindUsagesMeasurements,unrelated-edit-warm,2,113154500,27228256,192,482,24,24,8,false,2
testFindUsagesMeasurements,unrelated-edit-warm,3,218196625,29906464,192,522,24,24,8,false,2
testFindUsagesMeasurements,unrelated-edit-warm,4,91685416,27886640,192,493,24,24,8,false,2
testFindUsagesMeasurements,unrelated-edit-warm,5,66964625,25817096,192,463,24,24,8,false,2
testFindUsagesMeasurements,unrelated-edit-warm,6,83584625,28478704,192,502,24,24,8,false,2
testFindUsagesMeasurements,unrelated-edit-warm,7,100357250,28535480,192,502,24,24,8,false,2
testFindUsagesMeasurements,unrelated-edit-warm,8,190222959,27092392,192,482,24,24,8,false,2
testFindUsagesMeasurements,unrelated-edit-warm,9,125618459,25587096,192,462,24,24,8,false,2
testFindUsagesMeasurements,unrelated-edit-warm,10,166759500,25578040,192,462,24,24,8,false,2
testFindUsagesMeasurements,pre-canceled-request,0,1673375,-1,0,0,24,24,8,false,2
testFindUsagesMeasurements,scan-cancel-after-first-capture,0,885916,-1,0,1,24,24,8,false,2
testFindUsagesMeasurements,fixture-build,0,9643369000,-1,1041,0,16,1024,4,false,3
testFindUsagesMeasurements,first-query,0,1176955084,67689800,64,242,16,1024,4,false,3
testFindUsagesMeasurements,warm-query,1,108453000,11746312,64,184,16,1024,4,false,3
testFindUsagesMeasurements,warm-query,2,110728125,10556656,64,166,16,1024,4,false,3
testFindUsagesMeasurements,warm-query,3,159138709,10942736,64,172,16,1024,4,false,3
testFindUsagesMeasurements,warm-query,4,92328166,11737056,64,184,16,1024,4,false,3
testFindUsagesMeasurements,warm-query,5,50589125,10943664,64,172,16,1024,4,false,3
testFindUsagesMeasurements,warm-query,6,72220750,10545872,64,166,16,1024,4,false,3
testFindUsagesMeasurements,warm-query,7,80935959,12130904,64,190,16,1024,4,false,3
testFindUsagesMeasurements,warm-query,8,115951875,10940576,64,172,16,1024,4,false,3
testFindUsagesMeasurements,warm-query,9,50376959,11255456,64,178,16,1024,4,false,3
testFindUsagesMeasurements,warm-query,10,49346458,11245728,64,178,16,1024,4,false,3
testFindUsagesMeasurements,dependency-edit-first,0,324172459,15625320,64,230,16,1024,4,false,3
testFindUsagesMeasurements,dependency-edit-warm,1,119801250,12878056,64,172,16,1024,4,false,3
testFindUsagesMeasurements,dependency-edit-warm,2,117487292,10918704,64,172,16,1024,4,false,3
testFindUsagesMeasurements,dependency-edit-warm,3,156306791,11390360,64,180,16,1024,4,false,3
testFindUsagesMeasurements,dependency-edit-warm,4,103256083,12387328,64,197,16,1024,4,false,3
testFindUsagesMeasurements,dependency-edit-warm,5,97405458,12599592,64,172,16,1024,4,false,3
testFindUsagesMeasurements,dependency-edit-warm,6,83034916,11032776,64,178,16,1024,4,false,3
testFindUsagesMeasurements,dependency-edit-warm,7,68463584,10232432,64,166,16,1024,4,false,3
testFindUsagesMeasurements,dependency-edit-warm,8,64266375,10569608,64,172,16,1024,4,false,3
testFindUsagesMeasurements,dependency-edit-warm,9,46019375,11992152,64,196,16,1024,4,false,3
testFindUsagesMeasurements,dependency-edit-warm,10,119506625,10018384,64,166,16,1024,4,false,3
testFindUsagesMeasurements,unrelated-edit-first,0,147235000,14158656,64,236,16,1024,4,false,3
testFindUsagesMeasurements,unrelated-edit-warm,1,65679667,11449424,64,190,16,1024,4,false,3
testFindUsagesMeasurements,unrelated-edit-warm,2,98762958,10383680,64,173,16,1024,4,false,3
testFindUsagesMeasurements,unrelated-edit-warm,3,90075916,9947368,64,166,16,1024,4,false,3
testFindUsagesMeasurements,unrelated-edit-warm,4,74654500,10358864,64,173,16,1024,4,false,3
testFindUsagesMeasurements,unrelated-edit-warm,5,142797459,10677448,64,178,16,1024,4,false,3
testFindUsagesMeasurements,unrelated-edit-warm,6,130398250,10302664,64,172,16,1024,4,false,3
testFindUsagesMeasurements,unrelated-edit-warm,7,165653542,11031168,64,184,16,1024,4,false,3
testFindUsagesMeasurements,unrelated-edit-warm,8,94107167,10659336,64,178,16,1024,4,false,3
testFindUsagesMeasurements,unrelated-edit-warm,9,60268458,10304016,64,172,16,1024,4,false,3
testFindUsagesMeasurements,unrelated-edit-warm,10,94734167,10998576,64,184,16,1024,4,false,3
testFindUsagesMeasurements,pre-canceled-request,0,1523584,-1,0,0,16,1024,4,false,3
testFindUsagesMeasurements,scan-cancel-after-first-capture,0,570375,-1,0,1,16,1024,4,false,3
testFindUsagesMeasurements,fixture-build,0,11132326958,-1,1041,0,16,1024,4,true,3
testFindUsagesMeasurements,first-query,0,2698424750,292781136,64,2440,16,1024,4,true,3
testFindUsagesMeasurements,warm-query,1,1340344625,264386400,64,2286,16,1024,4,true,3
testFindUsagesMeasurements,warm-query,2,1456167792,270875424,64,2362,16,1024,4,true,3
testFindUsagesMeasurements,warm-query,3,1213547209,264351824,64,2338,16,1024,4,true,3
testFindUsagesMeasurements,warm-query,4,954597125,265645720,64,2378,16,1024,4,true,3
testFindUsagesMeasurements,warm-query,5,934728041,262334432,64,2374,16,1024,4,true,3
testFindUsagesMeasurements,warm-query,6,860165083,260503064,64,2354,16,1024,4,true,3
testFindUsagesMeasurements,warm-query,7,882689000,267122848,64,2404,16,1024,4,true,3
testFindUsagesMeasurements,warm-query,8,755283959,258639616,64,2350,16,1024,4,true,3
testFindUsagesMeasurements,warm-query,9,684950333,257442336,64,2360,16,1024,4,true,3
testFindUsagesMeasurements,warm-query,10,801717958,256367048,64,2368,16,1024,4,true,3
testFindUsagesMeasurements,dependency-edit-first,0,1093133667,273244704,64,2422,16,1024,4,true,3
testFindUsagesMeasurements,dependency-edit-warm,1,902726791,260545200,64,2418,16,1024,4,true,3
testFindUsagesMeasurements,dependency-edit-warm,2,863067250,262645568,64,2403,16,1024,4,true,3
testFindUsagesMeasurements,dependency-edit-warm,3,818340875,268933128,64,2426,16,1024,4,true,3
testFindUsagesMeasurements,dependency-edit-warm,4,823215834,225528096,64,2344,16,1024,4,true,3
testFindUsagesMeasurements,dependency-edit-warm,5,676828625,263099784,64,2386,16,1024,4,true,3
testFindUsagesMeasurements,dependency-edit-warm,6,858195625,257819024,64,2368,16,1024,4,true,3
testFindUsagesMeasurements,dependency-edit-warm,7,721092458,257723592,64,2390,16,1024,4,true,3
testFindUsagesMeasurements,dependency-edit-warm,8,726033750,254841368,64,2368,16,1024,4,true,3
testFindUsagesMeasurements,dependency-edit-warm,9,714052708,255742496,64,2362,16,1024,4,true,3
testFindUsagesMeasurements,dependency-edit-warm,10,874218792,260119096,64,2414,16,1024,4,true,3
testFindUsagesMeasurements,unrelated-edit-first,0,847330084,274046880,64,2434,16,1024,4,true,3
testFindUsagesMeasurements,unrelated-edit-warm,1,924121208,274141792,64,2408,16,1024,4,true,3
testFindUsagesMeasurements,unrelated-edit-warm,2,1107333500,265332520,64,2342,16,1024,4,true,3
testFindUsagesMeasurements,unrelated-edit-warm,3,764493708,266520904,64,2388,16,1024,4,true,3
testFindUsagesMeasurements,unrelated-edit-warm,4,830227542,220390960,64,2348,16,1024,4,true,3
testFindUsagesMeasurements,unrelated-edit-warm,5,626884167,257521968,64,2386,16,1024,4,true,3
testFindUsagesMeasurements,unrelated-edit-warm,6,561560333,260078072,64,2426,16,1024,4,true,3
testFindUsagesMeasurements,unrelated-edit-warm,7,778531834,254657008,64,2374,16,1024,4,true,3
testFindUsagesMeasurements,unrelated-edit-warm,8,684033000,250942960,64,2295,16,1024,4,true,3
testFindUsagesMeasurements,unrelated-edit-warm,9,694930875,221675320,64,2316,16,1024,4,true,3
testFindUsagesMeasurements,unrelated-edit-warm,10,646840000,251612288,64,2350,16,1024,4,true,3
testFindUsagesMeasurements,pre-canceled-request,0,5020667,-1,0,0,16,1024,4,true,3
testFindUsagesMeasurements,scan-cancel-after-first-capture,0,296833,-1,0,1,16,1024,4,true,3
testFindUsagesMeasurements,fixture-build,0,1192086334,-1,49,0,24,24,8,false,3
testFindUsagesMeasurements,first-query,0,1268885542,66429344,192,664,24,24,8,false,3
testFindUsagesMeasurements,warm-query,1,326099000,27969512,192,462,24,24,8,false,3
testFindUsagesMeasurements,warm-query,2,171203375,30702096,192,492,24,24,8,false,3
testFindUsagesMeasurements,warm-query,3,198836208,26868088,192,452,24,24,8,false,3
testFindUsagesMeasurements,warm-query,4,182857125,25584656,192,442,24,24,8,false,3
testFindUsagesMeasurements,warm-query,5,158475042,26291752,192,452,24,24,8,false,3
testFindUsagesMeasurements,warm-query,6,134932667,25468136,192,442,24,24,8,false,3
testFindUsagesMeasurements,warm-query,7,167739750,28984352,192,492,24,24,8,false,3
testFindUsagesMeasurements,warm-query,8,156996459,24920112,192,442,24,24,8,false,3
testFindUsagesMeasurements,warm-query,9,125182750,28362584,192,493,24,24,8,false,3
testFindUsagesMeasurements,warm-query,10,193245166,29359720,192,502,24,24,8,false,3
testFindUsagesMeasurements,dependency-edit-first,0,283032417,41270576,192,664,24,24,8,false,3
testFindUsagesMeasurements,dependency-edit-warm,1,113608250,27146640,192,482,24,24,8,false,3
testFindUsagesMeasurements,dependency-edit-warm,2,123958458,27141688,192,483,24,24,8,false,3
testFindUsagesMeasurements,dependency-edit-warm,3,115435458,25753224,192,463,24,24,8,false,3
testFindUsagesMeasurements,dependency-edit-warm,4,145554000,27068808,192,472,24,24,8,false,3
testFindUsagesMeasurements,dependency-edit-warm,5,216293333,29790824,192,522,24,24,8,false,3
testFindUsagesMeasurements,dependency-edit-warm,6,115163250,31053824,192,542,24,24,8,false,3
testFindUsagesMeasurements,dependency-edit-warm,7,91778833,27598600,192,492,24,24,8,false,3
testFindUsagesMeasurements,dependency-edit-warm,8,112284250,31646984,192,553,24,24,8,false,3
testFindUsagesMeasurements,dependency-edit-warm,9,75859500,25345200,192,462,24,24,8,false,3
testFindUsagesMeasurements,dependency-edit-warm,10,61277667,24625776,192,452,24,24,8,false,3
testFindUsagesMeasurements,unrelated-edit-first,0,150213750,40291896,192,684,24,24,8,false,3
testFindUsagesMeasurements,unrelated-edit-warm,1,88308792,25356832,192,463,24,24,8,false,3
testFindUsagesMeasurements,unrelated-edit-warm,2,99566834,25296216,192,462,24,24,8,false,3
testFindUsagesMeasurements,unrelated-edit-warm,3,216266833,26634640,192,472,24,24,8,false,3
testFindUsagesMeasurements,unrelated-edit-warm,4,64355208,29292288,192,522,24,24,8,false,3
testFindUsagesMeasurements,unrelated-edit-warm,5,150502458,27271912,192,492,24,24,8,false,3
testFindUsagesMeasurements,unrelated-edit-warm,6,80081000,27995344,192,503,24,24,8,false,3
testFindUsagesMeasurements,unrelated-edit-warm,7,79464833,25269464,192,462,24,24,8,false,3
testFindUsagesMeasurements,unrelated-edit-warm,8,71505750,28764808,192,514,24,24,8,false,3
testFindUsagesMeasurements,unrelated-edit-warm,9,66365417,28576312,192,512,24,24,8,false,3
testFindUsagesMeasurements,unrelated-edit-warm,10,51510667,27899944,192,502,24,24,8,false,3
testFindUsagesMeasurements,pre-canceled-request,0,1942958,-1,0,0,24,24,8,false,3
testFindUsagesMeasurements,scan-cancel-after-first-capture,0,422875,-1,0,1,24,24,8,false,3
testFindUsagesMeasurements,fixture-build,0,3352730334,-1,273,0,16,256,4,false,3
testFindUsagesMeasurements,first-query,0,980365417,40740960,64,236,16,256,4,false,3
testFindUsagesMeasurements,warm-query,1,190938541,10613112,64,178,16,256,4,false,3
testFindUsagesMeasurements,warm-query,2,140807209,18359368,64,179,16,256,4,false,3
testFindUsagesMeasurements,warm-query,3,147881042,9822216,64,167,16,256,4,false,3
testFindUsagesMeasurements,warm-query,4,119673000,10551872,64,178,16,256,4,false,3
testFindUsagesMeasurements,warm-query,5,78232583,10154832,64,172,16,256,4,false,3
testFindUsagesMeasurements,warm-query,6,66096916,10947168,64,184,16,256,4,false,3
testFindUsagesMeasurements,warm-query,7,74576750,10513112,64,178,16,256,4,false,3
testFindUsagesMeasurements,warm-query,8,37288584,10095376,64,172,16,256,4,false,3
testFindUsagesMeasurements,warm-query,9,70647833,10879304,64,184,16,256,4,false,3
testFindUsagesMeasurements,warm-query,10,157230834,17774040,64,172,16,256,4,false,3
testFindUsagesMeasurements,dependency-edit-first,0,101923500,15972536,64,248,16,256,4,false,3
testFindUsagesMeasurements,dependency-edit-warm,1,118900709,10002072,64,172,16,256,4,false,3
testFindUsagesMeasurements,dependency-edit-warm,2,86133916,11212800,64,191,16,256,4,false,3
testFindUsagesMeasurements,dependency-edit-warm,3,80525125,9963576,64,172,16,256,4,false,3
testFindUsagesMeasurements,dependency-edit-warm,4,49845209,10256136,64,178,16,256,4,false,3
testFindUsagesMeasurements,dependency-edit-warm,5,109048750,11012960,64,190,16,256,4,false,3
testFindUsagesMeasurements,dependency-edit-warm,6,53419209,9829176,64,172,16,256,4,false,3
testFindUsagesMeasurements,dependency-edit-warm,7,56325875,11737304,64,202,16,256,4,false,3
testFindUsagesMeasurements,dependency-edit-warm,8,35513208,10550336,64,184,16,256,4,false,3
testFindUsagesMeasurements,dependency-edit-warm,9,28876875,11312344,64,196,16,256,4,false,3
testFindUsagesMeasurements,dependency-edit-warm,10,51782083,11588376,64,202,16,256,4,false,3
testFindUsagesMeasurements,unrelated-edit-first,0,99000125,13913904,64,242,16,256,4,false,3
testFindUsagesMeasurements,unrelated-edit-warm,1,86174916,11491840,64,202,16,256,4,false,3
testFindUsagesMeasurements,unrelated-edit-warm,2,77896583,9597776,64,172,16,256,4,false,3
testFindUsagesMeasurements,unrelated-edit-warm,3,75957583,10726224,64,190,16,256,4,false,3
testFindUsagesMeasurements,unrelated-edit-warm,4,56642167,10323104,64,184,16,256,4,false,3
testFindUsagesMeasurements,unrelated-edit-warm,5,40082833,9185120,64,166,16,256,4,false,3
testFindUsagesMeasurements,unrelated-edit-warm,6,62363417,11070312,64,196,16,256,4,false,3
testFindUsagesMeasurements,unrelated-edit-warm,7,32158042,9938840,64,178,16,256,4,false,3
testFindUsagesMeasurements,unrelated-edit-warm,8,39461750,10313952,64,184,16,256,4,false,3
testFindUsagesMeasurements,unrelated-edit-warm,9,53759584,9563024,64,172,16,256,4,false,3
testFindUsagesMeasurements,unrelated-edit-warm,10,36378834,11446032,64,202,16,256,4,false,3
testFindUsagesMeasurements,pre-canceled-request,0,1445167,-1,0,0,16,256,4,false,3
testFindUsagesMeasurements,scan-cancel-after-first-capture,0,467375,-1,0,1,16,256,4,false,3
